{"train_loss": [2.1763055716584994, 2.056673733180001, 1.9423541878693855, 1.8536640749681716, 1.7984441246762373, 1.7464125156402588, 1.7005652509279698, 1.6609221048803138, 1.5903833056456291, 1.5449316781639253, 1.5452552785809408, 1.5145254535163009, 1.506580340782268, 1.4662143300043657, 1.4599466243846304, 1.4536092937392677, 1.436427157997285, 1.415270616544173, 1.4133622758340516, 1.3933660544005015, 1.4047929536576238, 1.3981151012766282, 1.4004597195842923, 1.3801765409892037, 1.3878550889508037, 1.3867462457426443, 1.3668726798672004, 1.3710367723599377, 1.3628910317916998, 1.36721515455502], "val_loss": [2.1394418823091605, 2.1768129530705904, 2.3192672164816606, 2.0781473391934444, 2.2617659255077966, 2.233084992358559, 2.26752549723575, 2.5881599532930473, 1.5174942267568488, 2.700920095569209, 1.930251043093832, 4.859042029631765, 1.7266165363161188, 1.96049775261628, 2.333873943278664, 1.543404199575123, 1.610332532932884, 1.4166334930219149, 1.4531858375197964, 1.4343079799099971, 1.4648822859713906, 1.367145593229093, 1.5924417596114309, 1.3495733032101078, 1.420392974426872, 1.4075364846932261, 1.3320582524726265, 1.3668739513347024, 1.354069018050244, 1.3205299048047316], "train_acc": [0.22337059692048092, 0.3024678337903396, 0.33263024678337905, 0.3680658089010757, 0.38599451592491035, 0.4016030373338958, 0.41573507698797724, 0.42775785699219576, 0.4499050833157562, 0.47120860577937146, 0.46762286437460454, 0.47732545876397386, 0.478169162623919, 0.49525416578780845, 0.5053786121071504, 0.4988399071925754, 0.5041130563172327, 0.510862687196794, 0.5214089854461084, 0.526260282640793, 0.5182450959713141, 0.5180341700063278, 0.5114954650917528, 0.5268930605357519, 0.5256275047458342, 0.523307319130985, 0.5197215777262181, 0.5317443577304366, 0.5275258384307108, 0.531322505800464], "val_acc": [0.20067453625632378, 0.2436762225969646, 0.24283305227655985, 0.30269814502529513, 0.2521079258010118, 0.2327150084317032, 0.26559865092748736, 0.2318718381112985, 0.4730185497470489, 0.33136593591905567, 0.40472175379426645, 0.112141652613828, 0.4190556492411467, 0.3844856661045531, 0.3448566610455312, 0.4426644182124789, 0.4536256323777403, 0.5025295109612141, 0.4797639123102867, 0.49409780775716694, 0.4730185497470489, 0.5202360876897133, 0.4308600337268128, 0.521079258010118, 0.5143338954468802, 0.5075885328836425, 0.53035413153457, 0.5075885328836425, 0.5168634064080945, 0.5421585160202361]}